{"cameraMode":{"drawMode":0,"name":"Shaded","section":"Shading Mode"},"sceneLighting":true,"audioPlay":false,"sceneViewState":{"showFog":true,"showMaterialUpdate":false,"showSkybox":true,"showFlares":true,"showImageEffects":true,"showParticleSystems":true},"in2DMode":false,"pivot":{"x":-14.726293563842774,"y":4.039972305297852,"z":-7.507760047912598},"rotation":{"x":-0.2894158363342285,"y":0.06512318551540375,"z":-0.01973416469991207,"w":-0.9548130035400391},"size":31.33803367614746,"orthographic":false}