{"cameraMode":{"drawMode":0,"name":"Shaded","section":"Shading Mode"},"sceneLighting":true,"audioPlay":false,"sceneViewState":{"showFog":true,"showMaterialUpdate":false,"showSkybox":true,"showFlares":true,"showImageEffects":true,"showParticleSystems":true},"in2DMode":false,"pivot":{"x":-11.411163330078125,"y":-7.659824371337891,"z":-8.890708923339844},"rotation":{"x":-0.30275771021842959,"y":-0.036587491631507876,"z":0.011636215262115002,"w":-0.9523272514343262},"size":25.065277099609376,"orthographic":false}