{"cameraMode":{"drawMode":0,"name":"Shaded","section":"Shading Mode"},"sceneLighting":false,"audioPlay":false,"sceneViewState":{"showFog":true,"showMaterialUpdate":false,"showSkybox":false,"showFlares":true,"showImageEffects":true,"showParticleSystems":true},"in2DMode":false,"pivot":{"x":0.02681112289428711,"y":0.18182377517223359,"z":-0.001064583659172058},"rotation":{"x":-0.46582651138305666,"y":0.02841530367732048,"z":-0.014928142540156842,"w":-0.884351909160614},"size":0.2792750597000122,"orthographic":false}