{"cameraMode":{"drawMode":0,"name":"Shaded","section":"Shading Mode"},"sceneLighting":false,"audioPlay":false,"sceneViewState":{"showFog":true,"showMaterialUpdate":false,"showSkybox":false,"showFlares":true,"showImageEffects":true,"showParticleSystems":true},"in2DMode":false,"pivot":{"x":0.04145646095275879,"y":0.8522703647613525,"z":-3.8890275955200197},"rotation":{"x":-0.24122193455696107,"y":-0.6955453157424927,"z":0.2704298794269562,"w":-0.6204515099525452},"size":1.5519824028015137,"orthographic":false}