{"cameraMode":{"drawMode":0,"name":"Shaded","section":"Shading Mode"},"sceneLighting":true,"audioPlay":false,"sceneViewState":{"showFog":true,"showMaterialUpdate":false,"showSkybox":true,"showFlares":true,"showImageEffects":true,"showParticleSystems":true},"in2DMode":false,"pivot":{"x":-11.17347526550293,"y":13.155755043029786,"z":-5.664908409118652},"rotation":{"x":-0.14747323095798493,"y":0.10277822613716126,"z":-0.015358848497271538,"w":-0.9836447834968567},"size":3.605532646179199,"orthographic":false}