{"cameraMode":{"drawMode":0,"name":"Shaded","section":"Shading Mode"},"sceneLighting":true,"audioPlay":false,"sceneViewState":{"showFog":true,"showMaterialUpdate":false,"showSkybox":true,"showFlares":true,"showImageEffects":true,"showParticleSystems":true},"in2DMode":false,"pivot":{"x":13.871803283691407,"y":8.052644729614258,"z":-9.693866729736329},"rotation":{"x":-0.14747323095798493,"y":0.10277822613716126,"z":-0.015358848497271538,"w":-0.9836447834968567},"size":17.342390060424806,"orthographic":false}