{"cameraMode":{"drawMode":0,"name":"Shaded","section":"Shading Mode"},"sceneLighting":false,"audioPlay":false,"sceneViewState":{"showFog":true,"showMaterialUpdate":false,"showSkybox":false,"showFlares":true,"showImageEffects":true,"showParticleSystems":true},"in2DMode":false,"pivot":{"x":0.46550750732421877,"y":1.2159091234207154,"z":-3.107032299041748},"rotation":{"x":-0.30275771021842959,"y":-0.036587491631507876,"z":0.011636215262115002,"w":-0.9523272514343262},"size":1.25198233127594,"orthographic":false}